URL,Document Name
https://www.cpp.edu,1
https://www.cpp.edu/programs/index.shtml?programType=Bachelor,2
https://www.cpp.edu/programs/index.shtml?college=Business%20Administration      ,3
https://www.cpp.edu/news/content/2025/04/cultivation-celebration-to-showcase-student-innovation-and-community-resilience/index.shtml,4
https://www.cpp.edu/campus-life/index.shtml,5
https://www.cpp.edu/events/,6
https://www.cpp.edu/library/index.shtml,7
https://www.cpp.edu/class/,8
https://www.cpp.edu/env/,9
https://www.cpp.edu/academic-manual,10
https://www.cpp.edu/programs/index.shtml?college=Education%20and%20Integrative%20Studies      ,11
https://www.cpp.edu/news/content/2025/04/walkability-and-urban-sprawls-how-jayvion-campbell-weaves-art-and-accessibility-into-architecture/index.shtml,12
https://www.cpp.edu/openhouse/,13
https://www.cpp.edu/aboutcpp/visitor-information/attractions.shtml,14
https://www.cpp.edu/student-gateway/,15
https://www.cpp.edu/alumni/,16
https://www.cpp.edu/contact.shtml,17
https://www.cpp.edu/website-feedback.shtml,18
https://www.cpp.edu/equal-opportunity.shtml,19
https://www.cpp.edu/officeofequity/index.shtml,20
https://www.cpp.edu/family/,21
https://www.cpp.edu/faculty-staff-gateway/,22
https://www.cpp.edu/studentparents/,23
https://www.cpp.edu/academics/,24
https://www.cpp.edu/admissions/index.shtml,25
https://www.cpp.edu/annual-security-report.shtml,26
https://www.cpp.edu/file-viewers.shtml,27
https://www.cpp.edu/programs/index.shtml?college=Science      ,28
https://www.cpp.edu/agri/,29
https://www.cpp.edu/programs/index.shtml?college=The%20Collins%20College%20of%20Hospitality%20Management      ,30
https://www.cpp.edu/commencement/,31
https://www.cpp.edu/cba/,32
https://www.cpp.edu/engineering/,33
https://www.cpp.edu/news/content/2025/04/graduate-and-fellow-broncos-set-the-stage-for-indie-musicians-to-shine/index.shtml,34
https://www.cpp.edu/outreach/tours.shtml,35
https://www.cpp.edu/housing/futureresidents/apply-to-uhs.shtml,36
https://www.cpp.edu/programs/index.shtml?college=Environmental%20Design      ,37
https://www.cpp.edu/alpha-index/index.shtml,38
https://www.cpp.edu/em/,39
https://www.cpp.edu/programs/index.shtml,40
https://www.cpp.edu/programs/index.shtml?college=Agriculture      ,41
https://www.cpp.edu/financial-aid/index.shtml,42
https://www.cpp.edu/news/content/2025/04/cpp-provides-fertile-ground-where-humans-and-nature-thrive/index.shtml,43
https://www.cpp.edu/cba/graduate-business-programs/,44
https://www.cpp.edu/campus-safety-plan.shtml,45
https://www.cpp.edu/student-affairs,46
https://www.cpp.edu/apply/,47
https://www.cpp.edu/stratcomm/media-relations.shtml,48
"https://www.cpp.edu/programs/index.shtml?college=Letters,%20Arts,%20and%20Social%20Sciences      ",49
https://www.cpp.edu/programs/index.shtml?college=Engineering      ,50
https://www.cpp.edu/collins/,51
https://www.cpp.edu/sci/,52
https://www.cpp.edu/giving/index.shtml,53
https://www.cpp.edu/cpge/,54
https://www.cpp.edu/accessibility.shtml,55
https://www.cpp.edu/philanthropy/,56
https://www.cpp.edu#main,57
https://www.cpp.edu/news/,58
https://www.cpp.edu/privacy.shtml,59
https://www.cpp.edu/ssep/uss-home.shtml,60
https://www.cpp.edu/,61
https://www.cpp.edu/programs/index.shtml?programType=Master,62
https://www.cpp.edu/giving/,63
https://www.cpp.edu/prospective-student-gateway/,64
https://www.cpp.edu/jobs/index.shtml,65
https://www.cpp.edu/student-affairs/topics/diversity.shtml,66
https://www.cpp.edu/ceis/,67
https://www.cpp.edu/programs/index.shtml?programType=Bachelor#{{program['firstLetter']}},68
https://www.cpp.edu/programs/index.shtml?programType=Bachelor#main,69
https://www.cpp.edu/programs/index.shtml?programType=Bachelor#top,70
https://www.cpp.edu/programs/index.shtml?college=Business%20Administration      #top,71
https://www.cpp.edu/programs/index.shtml?college=Business%20Administration      #main,72
https://www.cpp.edu/programs/index.shtml?college=Business%20Administration      #{{program['firstLetter']}},73
https://www.facebook.com/sharer/sharer.php?u=https://www.cpp.edu/news/content/2025/04/cultivation-celebration-to-showcase-student-innovation-and-community-resilience/index.shtml,74
https://www.cpp.edu/campus-life/index.shtml#main,75
https://www.cpp.edu/events/#main,76
https://www.cpp.edu/class/discover-class/contact-us.shtml,77
https://www.cpp.edu/class/#main,78
https://www.cpp.edu/class/alumni/alumni-showcase.shtml,79
https://www.cpp.edu/class/geography-anthropology/programs/geography.shtml,80
https://www.cpp.edu/class/news/2025-04-15-pls-trip-abroad.shtml,81
https://www.cpp.edu/class/news/2025-04-22-anthropology-club.shtml,82
https://www.cpp.edu/class/news/2025-04-22-tara-oper.shtml,83
https://www.cpp.edu/class/alumni/index.shtml,84
https://www.cpp.edu/class/communication/courses.shtml,85
https://www.cpp.edu/class/news/2025-03-17-bidart-alumni.shtml,86
https://www.cpp.edu/class/news/news-listing-page.shtml,87
https://www.cpp.edu/env/programs/minors.shtml,88
https://www.cpp.edu/env/model-shop/index.shtml,89
https://www.cpp.edu/env/make-a-gift/index.shtml,90
https://www.cpp.edu/env/lyle/index.shtml,91
https://www.cpp.edu/env/culture/env-archives.shtml,92
https://www.cpp.edu/env/urp/degrees-admissions/graduate-program.shtml,93
https://www.cpp.edu/env/resources/isb.shtml,94
https://www.cpp.edu/env/#main,95
https://www.cpp.edu/env/about/contact-us.shtml,96
https://www.cpp.edu/env/art/index.shtml,97
https://www.cpp.edu/env/architecture/resources/arc-fab-lab.shtml,98
https://www.cpp.edu/env/urp/academic-resources/gis-lab.shtml,99
https://www.cpp.edu/env/culture/neutra-vdl.shtml,100
https://www.cpp.edu/env/architecture/program-degrees-admissions/master-of-architecture.shtml,101
https://www.cpp.edu/env/architecture/program-degrees-admissions/master-of-interior-architecture.shtml,102
https://www.cpp.edu/env/index.shtml,103
https://www.cpp.edu/env/about/deans-advisory-council/index.shtml,104
https://www.cpp.edu/env/about/org-chart/index.shtml,105
https://www.cpp.edu/env/programs/ge-courses.shtml,106
https://www.cpp.edu/env/landscape-architecture/index.shtml,107
https://www.cpp.edu/env/architecture/resources/studio-culture.shtml,108
https://www.cpp.edu/env/about/history.shtml,109
https://www.cpp.edu/env/student-success-advising-center/index.shtml,110
https://www.cpp.edu/env/about/mission.shtml,111
https://www.cpp.edu/env/urp/index.shtml,112
https://www.cpp.edu/env/landscape-architecture/degrees-admissions/masters.shtml,113
https://www.cpp.edu/env/about/deans-office.shtml,114
https://www.cpp.edu/env/lyle/degrees-admissions/ms-regenerative-studies.shtml,115
https://www.cpp.edu/env/architecture/index.shtml,116
https://www.cpp.edu/academic-manual/1300-1399-academic-personnel-policies/1350-1360-grievance-and-disciplinary-action.shtml,117
https://www.cpp.edu/academic-manual/1300-1399-academic-personnel-policies/1386-1392-resignation-retirement-separation.shtml,118
https://www.cpp.edu/academic-manual/1400-1499-academic-standards-regulations/index.shtml,119
https://www.cpp.edu/academic-manual/1300-1399-academic-personnel-policies/1393-1399-compensation-workload.shtml,120
https://www.cpp.edu/academic-manual/1300-1399-academic-personnel-policies/1300-1324-faculty-mpp-appointments.shtml,121
https://www.cpp.edu/academic-manual/1500-1599-general-policies/index.shtml,122
https://www.cpp.edu/academic-manual/1600-1699-grading-student-affairs/index.shtml,123
https://www.cpp.edu/academic-manual/am-search.shtml,124
https://www.cpp.edu/academic-manual/1300-1399-academic-personnel-policies/1375-1385-faculty-leaves.shtml,125
https://www.cpp.edu/academic-manual/0100-0200-organization-and-shared-governance/index.shtml,126
https://www.cpp.edu/academic-manual/1000-1099-academic-organization-and-services/index.shtml,127
https://www.cpp.edu/academic-manual/1300-1399-academic-personnel-policies/1325-1349-faculty-mpp-performance-evaluations.shtml,128
https://www.cpp.edu/academic-manual/1100-1199-curricular-policies/index.shtml,129
https://www.cpp.edu/academic-manual/1200-1299-research-and-instructional-support/index.shtml,130
https://www.cpp.edu/academic-manual#item-1,131
https://www.cpp.edu/academic-manual/contact-us.shtml,132
https://www.cpp.edu/programs/index.shtml?college=Education%20and%20Integrative%20Studies      #{{program['firstLetter']}},133
https://www.cpp.edu/programs/index.shtml?college=Education%20and%20Integrative%20Studies      #main,134
https://www.cpp.edu/programs/index.shtml?college=Education%20and%20Integrative%20Studies      #top,135
https://www.facebook.com/sharer/sharer.php?u=https://www.cpp.edu/news/content/2025/04/walkability-and-urban-sprawls-how-jayvion-campbell-weaves-art-and-accessibility-into-architecture/index.shtml,136
https://www.cpp.edu/openhouse/lodging.shtml,137
https://www.cpp.edu/openhouse/faqs.shtml,138
https://www.cpp.edu/openhouse/accommodations.shtml,139
https://www.cpp.edu/openhouse/index.shtml,140
https://www.cpp.edu/openhouse/directions.shtml,141
https://www.cpp.edu/openhouse/dining.shtml,142
https://www.cpp.edu/openhouse/agenda.shtml,143
https://www.cpp.edu/openhouse/#main,144
https://www.cpp.edu/aboutcpp/visitor-information/attractions.shtml#main,145
https://www.cpp.edu/student-gateway/#main,146
https://www.cpp.edu/alumni/vision-and-purpose.shtml,147
https://www.cpp.edu/alumni/get-involved/professor.shtml,148
https://www.cpp.edu/alumni/outstanding-alumni/about-distinguished.shtml,149
https://www.cpp.edu/alumni/chapters/rose-float.shtml,150
https://www.cpp.edu/alumni/volunteer-guidelines.shtml,151
https://www.cpp.edu/alumni/chapters/pilipino_chapter.shtml,152
https://www.cpp.edu/alumni/get-involved/mentoring.shtml,153
https://www.cpp.edu/alumni/zoombackgrounds.shtml,154
https://www.cpp.edu/alumni/chapters/regional.shtml,155
https://www.cpp.edu/alumni/portfolium.shtml,156
https://www.cpp.edu/alumni/events.shtml,157
https://www.cpp.edu/alumni/chapters/agalumni.shtml,158
https://www.cpp.edu/alumni/faqs.shtml,159
https://www.cpp.edu/alumni/outstanding-alumni/distinguishedalumnigala.shtml,160
https://www.cpp.edu/alumni/chapters/black.shtml,161
https://www.cpp.edu/alumni/outstanding-alumni/2022-recipients.shtml,162
https://www.cpp.edu/alumni/alumni-career-services.shtml,163
https://www.cpp.edu/alumni/get-involved/index.shtml,164
https://www.cpp.edu/alumni/student-outreach/index.shtml,165
https://www.cpp.edu/alumni/get-involved/dining.shtml,166
https://www.cpp.edu/alumni/alumni-resources.shtml,167
https://www.cpp.edu/alumni/chapters/urp.shtml,168
https://www.cpp.edu/alumni/financial-workshops-25.shtml,169
https://www.cpp.edu/alumni/outstanding-alumni/index.shtml,170
https://www.cpp.edu/alumni/chapters/business.shtml,171
https://www.cpp.edu/alumni/chapters/asi.shtml,172
https://www.cpp.edu/alumni/lovestories2024.shtml,173
https://www.cpp.edu/alumni/membership,174
https://www.cpp.edu/alumni/chapters/collins.shtml,175
https://www.cpp.edu/alumni/contact.shtml,176
https://www.cpp.edu/alumni/board.shtml,177
https://www.cpp.edu/alumni/#CPPCarousel,178
https://www.cpp.edu/alumni/polyalumni-newsletter.shtml,179
https://www.cpp.edu/alumni/chapters/latino.shtml,180
https://www.cpp.edu/alumni/member-benefits.shtml,181
https://www.cpp.edu/alumni/outstanding-alumni/past-recipients.shtml,182
https://www.cpp.edu/alumni/about.shtml,183
https://www.cpp.edu/alumni/chapters/index.shtml,184
https://www.cpp.edu/contact.shtml#main,185
https://www.cpp.edu/website-feedback.shtml#main,186
https://www.cpp.edu/equal-opportunity.shtml#main,187
https://www.cpp.edu/officeofequity/index.shtml#main,188
https://www.cpp.edu/family/#main,189
https://www.cpp.edu/faculty-staff-gateway/#main,190
https://www.cpp.edu/studentparents/policies.shtml,191
https://www.cpp.edu/studentparents/team.shtml,192
https://www.cpp.edu/studentparents/registration.shtml,193
https://www.cpp.edu/studentparents/resources.shtml,194
https://www.cpp.edu/studentparents/index.shtml,195
https://www.cpp.edu/studentparents/research.shtml,196
https://www.cpp.edu/academics/colleges-departments.shtml,197
https://www.cpp.edu/academics/#main,198
https://www.cpp.edu/admissions/index.shtml#main,199
https://www.cpp.edu/annual-security-report.shtml#main,200
https://www.cpp.edu/file-viewers.shtml#main,201
https://www.cpp.edu/programs/index.shtml?college=Science      #main,202
https://www.cpp.edu/programs/index.shtml?college=Science      #top,203
https://www.cpp.edu/programs/index.shtml?college=Science      #{{program['firstLetter']}},204
https://www.cpp.edu/agri/clubs-organizations/index.shtml,205
https://www.cpp.edu/agri/#main,206
https://www.cpp.edu/agri/about/index.shtml,207
https://www.cpp.edu/agri/centers-and-more/ctilt/index.shtml,208
https://www.cpp.edu/agri/plant-science/index.shtml,209
https://www.cpp.edu/agri/apparel-technology-research-center/index.shtml,210
https://www.cpp.edu/agri/animal-science/faculty-staff/index.shtml,211
https://www.cpp.edu/agri/nutrition-food-science/faculty-staff/index.shtml,212
https://www.cpp.edu/agri/future-students/index.shtml,213
https://www.cpp.edu/agri/agricultural-research-institute/index.shtml,214
https://www.cpp.edu/agri/programs/minors.shtml,215
https://www.cpp.edu/agri/student-resources/first-year-experience.shtml,216
https://www.cpp.edu/agri/news/2025-frencer-obit.shtml,217
https://www.cpp.edu/agri/giving/why-give.shtml,218
https://www.cpp.edu/agri/alumni/contact-us.shtml,219
https://www.cpp.edu/agri/index.shtml,220
https://www.cpp.edu/agri/nutrition-food-science/index.shtml,221
https://www.cpp.edu/agri/alumni/share-alumni-story.shtml,222
https://www.cpp.edu/agri/degrees/credentials.shtml,223
https://www.cpp.edu/agri/centers-and-more/carfs.shtml,224
https://www.cpp.edu/agri/alumni/events.shtml,225
https://www.cpp.edu/agri/student-resources/scholarships.shtml,226
https://www.cpp.edu/agri/alumni/career.shtml,227
https://www.cpp.edu/agri/alumni/newsletter-signup.shtml,228
https://www.cpp.edu/agri/nutrition-food-science/programs/nutrition-bs.shtml,229
https://www.cpp.edu/agri/news/2025-turf-bowl.shtml,230
https://www.cpp.edu/agri/animal-science/index.shtml,231
https://www.cpp.edu/agri/agribusiness-agricultural-science/index.shtml,232
https://www.cpp.edu/agri/agribusiness-agricultural-science/faculty-staff/index.shtml,233
https://www.cpp.edu/agri/apparel-merchandising-and-management/index.shtml,234
https://www.cpp.edu/agri/student-resources/internships.shtml,235
https://www.cpp.edu/agri/staff/index.shtml,236
https://www.cpp.edu/agri/news/2025-apvma.shtml,237
https://www.cpp.edu/agri/dietetic-internship-program/index.shtml,238
https://www.cpp.edu/agri/nutrition-food-science/programs/food-science-and-technology-bs.shtml,239
https://www.cpp.edu/agri/news/2025-swiss-am-food-agri-tech.shtml,240
https://www.cpp.edu/agri/animal-science/programs/agriculture-ms-animal-science.shtml,241
https://www.cpp.edu/agri/alumni/parents-and-family.shtml,242
https://www.cpp.edu/agri/plant-science/programs/agricultural-ms-plant-science.shtml,243
https://www.cpp.edu/agri/giving/ways-to-give.shtml,244
https://www.cpp.edu/agri/plant-science/faculty-staff/index.shtml,245
https://www.cpp.edu/agri/giving/contact-us.shtml,246
https://www.cpp.edu/agri/alumni/update-info/index.shtml,247
https://www.cpp.edu/agri/urban/index.shtml,248
https://www.cpp.edu/agri/student-resources/advising/index.shtml,249
https://www.cpp.edu/agri/about/board-of-advisors.shtml,250
https://www.cpp.edu/agri/alumni/outstanding-alumni.shtml,251
https://www.cpp.edu/agri/apparel-merchandising-and-management/faculty-staff/index.shtml,252
https://www.cpp.edu/agri/alumni/index.shtml,253
https://www.cpp.edu/agri/nutrition-food-science/programs/agriculture-ms-nutrition-and-food-science.shtml,254
https://www.cpp.edu/agri/agribusiness-agricultural-science/programs/agricultural-ms-agricultural-science.shtml,255
https://www.cpp.edu/agri/student-resources/student-employment.shtml,256
https://www.cpp.edu/agri/giving/cpp.shtml,257
https://www.cpp.edu/programs/index.shtml?college=The%20Collins%20College%20of%20Hospitality%20Management      #top,258
https://www.cpp.edu/programs/index.shtml?college=The%20Collins%20College%20of%20Hospitality%20Management      #main,259
https://www.cpp.edu/programs/index.shtml?college=The%20Collins%20College%20of%20Hospitality%20Management      #{{program['firstLetter']}},260
https://www.cpp.edu/commencement/#item-1,261
https://www.cpp.edu/commencement/graduates-information/cultural.shtml,262
https://www.cpp.edu/commencement/accessibility-information.shtml,263
https://www.cpp.edu/commencement/may-16-schedule.shtml,264
https://www.cpp.edu/commencement/graduates-information/requirements.shtml,265
https://www.cpp.edu/commencement/join-our-team.shtml,266
https://www.cpp.edu/commencement/may-18-schedule.shtml,267
https://www.cpp.edu/commencement/index.shtml,268
https://www.cpp.edu/commencement/graduates-information/honorcord-diploma.shtml,269
https://www.cpp.edu/commencement/faq.shtml,270
https://www.cpp.edu/commencement/planning-ahead/index.shtml,271
https://www.cpp.edu/commencement/#CPPCarousel,272
https://www.cpp.edu/commencement/campus-safety.shtml,273
https://www.cpp.edu/commencement/may-17-schedule.shtml,274
https://www.cpp.edu/cba/international-business-marketing/index.shtml,275
https://www.cpp.edu/cba/smif/index.shtml,276
https://www.cpp.edu/cba/our-faculty/index.shtml,277
https://www.cpp.edu/cba/technology-and-operations-management/index.shtml,278
https://www.cpp.edu/cba/computer-information-systems/index.shtml,279
https://www.cpp.edu/cba/management-and-human-resources/index.shtml,280
https://www.cpp.edu/cba/about/dean-krishnamurthy.shtml,281
https://www.cpp.edu/cba/about/deans-advisory-council.shtml,282
https://www.cpp.edu/cba/#main,283
https://www.cpp.edu/cba/about/cba-student-organizations.shtml,284
https://www.cpp.edu/cba/information-assurance/,285
https://www.cpp.edu/cba/news/lets-taco-bout-business.shtml,286
https://www.cpp.edu/cba/giving/index.shtml,287
https://www.cpp.edu/cba/our-faculty/cba-deans-research-seminar-series.shtml,288
https://www.cpp.edu/cba/about/pomona-pulse.shtml,289
https://www.cpp.edu/cba/finance-real-estate-and-law/index.shtml,290
https://www.cpp.edu/cba/graduate-business-programs/contact.shtml,291
https://www.cpp.edu/cba/accounting/index.shtml,292
https://www.cpp.edu/cba/about/mission-vision.shtml,293
https://www.cpp.edu/cba/finance-real-estate-and-law/dr-j-douglas-ramsey-financial-markets-room/index.shtml,294
https://www.cpp.edu/cba/student-success/mentorship-program.shtml,295
https://www.cpp.edu/cba/about/facts-and-figures.shtml,296
https://www.cpp.edu/cba/accounting/volunteer-income-tax-assistance/index.shtml,297
https://www.cpp.edu/cba/symposium.shtml,298
https://www.cpp.edu/cba/news/pharmd-mba-western-university-announcement.shtml,299
https://www.cpp.edu/cba/about/aacsb-accreditation.shtml,300
https://www.cpp.edu/cba/about/deans-office.shtml,301
https://www.cpp.edu/cba/news/anthonyorlando.shtml,302
https://www.cpp.edu/cba/news/mhrseniorproject1.shtml,303
https://www.cpp.edu/cba/customer-insights-lab/index.shtml,304
https://www.cpp.edu/cba/news/news-listing-page.shtml,305
https://www.cpp.edu/cba/student-success-center/index.shtml,306
https://www.cpp.edu/cba/digital-innovation/index.shtml,307
https://www.cpp.edu/cba/about/singelyn-sgsb-gift-of-innovation.shtml,308
https://www.cpp.edu/cba/about/diversity-and-inclusion-excellence.shtml,309
https://www.cpp.edu/cba/technology-and-operations-management/ebz-curriculum/index.shtml,310
https://www.cpp.edu/engineering/activities/industry-resources.shtml,311
https://www.cpp.edu/engineering/about/neighborhood.shtml,312
https://www.cpp.edu/engineering/about/welcome-from-dean.shtml,313
https://www.cpp.edu/engineering/academics/undergrad.shtml,314
https://www.cpp.edu/engineering/events/calendar/index.shtml,315
https://www.cpp.edu/engineering/industry-advisory-councils/index.shtml,316
https://www.cpp.edu/engineering/about/strategic-planning.shtml,317
https://www.cpp.edu/engineering/mep/index.shtml,318
https://www.cpp.edu/engineering/se/index.shtml,319
https://www.cpp.edu/engineering/index.shtml,320
https://www.cpp.edu/engineering/academics/grad.shtml,321
https://www.cpp.edu/engineering/me/graduate-program/index.shtml,322
https://www.cpp.edu/engineering/activities/lecture.shtml,323
https://www.cpp.edu/engineering/giving/index.shtml,324
https://www.cpp.edu/engineering/activities/commencement.shtml,325
https://www.cpp.edu/engineering/college/branding-and-communications.shtml,326
https://www.cpp.edu/engineering/femineer/index.shtml,327
https://www.cpp.edu/engineering/giving/hall-of-fame/index.shtml,328
https://www.cpp.edu/engineering/me/index.shtml,329
https://www.cpp.edu/engineering/aro/index.shtml,330
https://www.cpp.edu/engineering/about/mission.shtml,331
https://www.cpp.edu/engineering/leadership-program/index.shtml,332
https://www.cpp.edu/engineering/news/news-listing-page.shtml,333
https://www.cpp.edu/engineering/sab/index.shtml,334
https://www.cpp.edu/engineering/cme/index.shtml,335
https://www.cpp.edu/engineering/ece/index.shtml,336
https://www.cpp.edu/engineering/et/index.shtml,337
https://www.cpp.edu/engineering/about/lecturer.shtml,338
https://www.cpp.edu/engineering/departments/safety.shtml,339
https://www.cpp.edu/engineering/about/dlb.shtml,340
https://www.cpp.edu/engineering/ce/index.shtml,341
https://www.cpp.edu/engineering/mentoring-network.shtml,342
https://www.cpp.edu/engineering/outreach/tours.shtml,343
https://www.cpp.edu/engineering/activities/symposium.shtml,344
https://www.cpp.edu/engineering/ece/msee/index.shtml,345
https://www.cpp.edu/engineering/about/deans-office.shtml,346
https://www.cpp.edu/engineering/#main,347
https://www.cpp.edu/engineering/about/rankings.shtml,348
https://www.cpp.edu/engineering/cppwise/index.shtml,349
https://www.cpp.edu/engineering/aro/graduate/index.shtml,350
https://www.cpp.edu/engineering/honors/coe-scholarship.shtml,351
https://www.cpp.edu/engineering/ime/index.shtml,352
https://www.cpp.edu/engineering/academics/first-year.shtml,353
https://www.cpp.edu/engineering/about/org-chart.shtml,354
https://www.cpp.edu/engineering/advising/index.shtml,355
https://www.cpp.edu/engineering/departments/resources.shtml,356
https://www.cpp.edu/engineering/research/facilities.shtml,357
https://www.cpp.edu/engineering/events/index.shtml,358
https://www.facebook.com/sharer/sharer.php?u=https://www.cpp.edu/news/content/2025/04/graduate-and-fellow-broncos-set-the-stage-for-indie-musicians-to-shine/index.shtml,359
https://www.cpp.edu/outreach/tours.shtml#main,360
https://www.cpp.edu/housing/futureresidents/apply-to-uhs.shtml#main,361
https://www.cpp.edu/programs/index.shtml?college=Environmental%20Design      #top,362
https://www.cpp.edu/programs/index.shtml?college=Environmental%20Design      #main,363
https://www.cpp.edu/programs/index.shtml?college=Environmental%20Design      #{{program['firstLetter']}},364
https://www.cpp.edu/alpha-index/index.shtml#directory-list,365
https://www.cpp.edu/em/emergency-communication/safety-alert-system.shtml,366
https://www.cpp.edu/em/about-us.shtml,367
https://www.cpp.edu/em/emergency-procedures.shtml,368
https://www.cpp.edu/em/#item-1,369
https://www.cpp.edu/em/reosources.shtml,370
https://www.cpp.edu/em/emergency-communication/index.shtml,371
https://www.cpp.edu/em/contact-us.shtml,372
https://www.cpp.edu/em/evacuation-sites.shtml,373
https://www.cpp.edu/em/index.shtml,374
https://www.cpp.edu/em/great-shake-out/index.shtml,375
https://www.cpp.edu/em/evac-chair.shtml,376
https://www.cpp.edu/em/business-continuity.shtml,377
https://www.cpp.edu/em/trainings-and-demonstrations.shtml,378
https://www.cpp.edu/programs/index.shtml#{{program['firstLetter']}},379
https://www.cpp.edu/programs/index.shtml#top,380
https://www.cpp.edu/programs/index.shtml#main,381
https://www.cpp.edu/programs/index.shtml?college=Agriculture      #{{program['firstLetter']}},382
https://www.cpp.edu/programs/index.shtml?college=Agriculture      #main,383
https://www.cpp.edu/programs/index.shtml?college=Agriculture      #top,384
https://www.cpp.edu/financial-aid/index.shtml#main,385
https://www.facebook.com/sharer/sharer.php?u=https://www.cpp.edu/news/content/2025/04/cpp-provides-fertile-ground-where-humans-and-nature-thrive/index.shtml,386
https://www.cpp.edu/cba/graduate-business-programs/programs/mba.shtml,387
https://www.cpp.edu/cba/graduate-business-programs/about/students-2022/lorenzo-martinez.shtml,388
https://www.cpp.edu/cba/graduate-business-programs/programs/master-degree-in-digital-marketing-and-marketing-analytics.shtml,389
https://www.cpp.edu/cba/graduate-business-programs/programs/masters-digital-supply-chain-management.shtml,390
https://www.cpp.edu/cba/graduate-business-programs/programs/master-science-accountancy.shtml,391
https://www.cpp.edu/cba/graduate-business-programs/application-details.shtml,392
https://www.cpp.edu/cba/graduate-business-programs/faqs.shtml,393
https://www.cpp.edu/cba/graduate-business-programs/#CPPCarousel,394
https://www.cpp.edu/cba/graduate-business-programs/schedule.shtml,395
https://www.cpp.edu/cba/graduate-business-programs/programs/master-science-financial-analytics.shtml,396
https://www.cpp.edu/cba/graduate-business-programs/events/index.shtml,397
https://www.cpp.edu/cba/graduate-business-programs/programs/master-science-information-security-face-to-face.shtml,398
https://www.cpp.edu/cba/graduate-business-programs/programs/masters-information-security.shtml,399
https://www.cpp.edu/cba/graduate-business-programs/index.shtml,400
https://www.cpp.edu/cba/graduate-business-programs/programs/master-science-business-analytics.shtml,401
https://www.cpp.edu/cba/graduate-business-programs/programs/master-science-human-resources-leadership.shtml,402
https://www.cpp.edu/campus-safety-plan.shtml#main,403
https://www.cpp.edu/student-affairs/sa-staff/awards.shtml,404
https://www.cpp.edu/student-affairs/topics/policies.shtml,405
https://www.cpp.edu/student-affairs/sa-staff/hr.shtml,406
https://www.cpp.edu/student-affairs/topics/support.shtml,407
https://www.cpp.edu/student-affairs/sa-staff/vprequest.shtml,408
https://www.cpp.edu/student-affairs/sa-staff/pro-dev.shtml,409
https://www.cpp.edu/student-affairs#main,410
https://www.cpp.edu/student-affairs/topics/involvement.shtml,411
https://www.cpp.edu/student-affairs/sa-staff/volunteers.shtml,412
https://www.cpp.edu/student-affairs/dsa/aboutus.shtml,413
https://www.cpp.edu/student-affairs/dsa/leadership.shtml,414
https://www.cpp.edu/student-affairs/topics/safety.shtml,415
https://www.cpp.edu/student-affairs/dsa/contact-us.shtml,416
https://www.cpp.edu/student-affairs/sa-staff/dsabudget.shtml,417
https://www.cpp.edu/student-affairs/sa-staff/ade.shtml,418
https://www.cpp.edu/student-affairs/topics/health.shtml,419
https://www.cpp.edu/student-affairs/dsa/org-chart.shtml,420
https://www.cpp.edu/student-affairs/dsa/new-hires.shtml,421
https://www.cpp.edu/student-affairs/index.shtml,422
https://www.cpp.edu/student-affairs/topics/meet-sa-leaders.shtml,423
https://www.cpp.edu/student-affairs/sa-staff/dsamarketing.shtml,424
https://www.cpp.edu/student-affairs/sa-staff/travel-request.shtml,425
https://www.cpp.edu/apply/#main,426
https://www.cpp.edu/stratcomm/media-relations.shtml#main,427
"https://www.cpp.edu/programs/index.shtml?college=Letters,%20Arts,%20and%20Social%20Sciences      #{{program['firstLetter']}}",428
"https://www.cpp.edu/programs/index.shtml?college=Letters,%20Arts,%20and%20Social%20Sciences      #main",429
"https://www.cpp.edu/programs/index.shtml?college=Letters,%20Arts,%20and%20Social%20Sciences      #top",430
https://www.cpp.edu/programs/index.shtml?college=Engineering      #main,431
https://www.cpp.edu/programs/index.shtml?college=Engineering      #top,432
https://www.cpp.edu/programs/index.shtml?college=Engineering      #{{program['firstLetter']}},433
https://www.cpp.edu/collins/#main,434
https://www.cpp.edu/collins/about/accreditation.shtml,435
https://www.cpp.edu/collins/current-students/hospitality-work-experience.shtml,436
https://www.cpp.edu/collins/current-students/index.shtml#cul-minor,437
https://www.cpp.edu/collins/news/articles/str-1st-place-11-23-2022.shtml,438
https://www.cpp.edu/collins/connect-with-us/request-more-info.shtml,439
https://www.cpp.edu/collins/connect-with-us/tours.shtml,440
https://www.cpp.edu/collins/news/news-alis-2020-student-ambassadors.shtml,441
https://www.cpp.edu/collins/james-arthur-collins.shtml,442
https://www.cpp.edu/collins/news/news-new-boa.shtml,443
https://www.cpp.edu/collins/news/news-ill-be-the-next.shtml,444
https://www.cpp.edu/collins/current-students/index.shtml#hm-minor,445
https://www.cpp.edu/collins/news/news-listing-page.shtml,446
https://www.cpp.edu/sci/newsletter/cal-poly-pomona-celebrates-diversity-provides-community-support-and-a-path-to-success.shtml,447
https://www.cpp.edu/sci/newsletter/40-million-people-in-the-us-have-toxoplasmosis-why-do-we-know-so-little-about-it.shtml,448
https://www.cpp.edu/sci/newsletter/geology-student-stands-for-educational-equity-and-environmental-justice.shtml,449
https://www.cpp.edu/sci/newsletter/cpp-alumnus-appointed-state-geologist.shtml,450
https://www.cpp.edu/sci/newsletter/22-million-dollar-nsf-grant-will-prepare-students-for-biotech-industry.shtml,451
https://www.cpp.edu/sci/#main,452
https://www.cpp.edu/sci/news/index.shtml,453
https://www.cpp.edu/sci/newsletter/student-gains-a-brighter-future-by-studying-the-past.shtml,454
https://www.cpp.edu/sci/newsletter/finding-a-more-sustainable-future.shtml,455
https://www.cpp.edu/sci/newsletter/preparing-for-a-career-in-medicine.shtml,456
https://www.cpp.edu/giving/index.shtml#CPPCarousel,457
https://www.cpp.edu/cpge/degree-programs/dietetics/index.shtml,458
https://www.cpp.edu/cpge/#main,459
https://www.cpp.edu/cpge/contact-us.shtml,460
https://www.cpp.edu/cpge/about-us/organizational-chart.shtml,461
https://www.cpp.edu/cpge/index.shtml,462
https://www.cpp.edu/cpge/global-campus/index.shtml,463
https://www.cpp.edu/cpge/degree-programs/geology/index.shtml,464
https://www.cpp.edu/cpge/degree-programs/public-administration/index.shtml,465
https://www.cpp.edu/cpge/about-us/index.shtml,466
https://www.cpp.edu/cpge/degree-programs/index.shtml,467
https://www.cpp.edu/cpge/degree-programs/hospitality/index.shtml,468
https://www.cpp.edu/cpge/success_stories.shtml,469
https://www.cpp.edu/cpge/professional-development/index.shtml,470
https://www.cpp.edu/cpge/open-university/index.shtml,471
https://www.cpp.edu/cpge/degree-programs/interior-architecture/index.shtml,472
https://www.cpp.edu/cpge/certificate-programs/index.shtml,473
https://www.cpp.edu/cpge/degree-programs/system-engineering/index.shtml,474
https://www.cpp.edu/accessibility.shtml#main,475
https://www.cpp.edu/philanthropy/policies/general.shtml,476
https://www.cpp.edu/philanthropy/governance/index.shtml,477
https://www.cpp.edu/philanthropy/#item-2,478
https://www.cpp.edu/philanthropy/about/faqs.shtml,479
https://www.cpp.edu/philanthropy/policies/financial.shtml,480
https://www.cpp.edu/philanthropy/about/index.shtml,481
https://www.cpp.edu/philanthropy/about/trainings.shtml,482
https://www.cpp.edu/philanthropy/governance/agendas-minutes.shtml,483
https://www.cpp.edu/philanthropy/reports.shtml,484
https://www.cpp.edu/philanthropy/forms.shtml,485
https://www.cpp.edu/philanthropy/about/public-documents.shtml,486
https://www.cpp.edu/philanthropy/giving/impact.shtml,487
https://www.cpp.edu/philanthropy/#item-1,488
https://www.cpp.edu/philanthropy/giving/endowment.shtml,489
https://www.cpp.edu/philanthropy/#item-4,490
https://www.cpp.edu/philanthropy/index.shtml,491
https://www.cpp.edu/philanthropy/#item-3,492
https://www.cpp.edu/philanthropy/contact.shtml,493
https://www.cpp.edu/news/index.shtml,494
https://www.cpp.edu/news/browse-by-topic.shtml,495
https://www.cpp.edu/news/all-news.shtml,496
https://www.cpp.edu/news/in-the-news/2025/04/lewis-trammel-fitness-trackers/index.shtml,497
https://www.cpp.edu/news/content/2025/04/charisma-determination-key-to-success-for-hospitality-graduate/index.shtml,498
https://www.cpp.edu/news/in-the-news/2025/04/collins-college-global-rank-10/index.shtml,499
https://www.cpp.edu/news/for-the-media.shtml,500
