URL,Outlinks Count
https://www.cpp.edu,1.txt
https://www.cpp.edu/programs/index.shtml?programType=Bachelor,2.txt
https://www.cpp.edu/programs/index.shtml?college=Business%20Administration      ,3.txt
https://www.cpp.edu/news/content/2025/04/cultivation-celebration-to-showcase-student-innovation-and-community-resilience/index.shtml,4.txt
https://www.cpp.edu/campus-life/index.shtml,5.txt
https://www.cpp.edu/events/,6.txt
https://www.cpp.edu/library/index.shtml,7.txt
https://www.cpp.edu/class/,8.txt
https://www.cpp.edu/env/,9.txt
https://www.cpp.edu/academic-manual,10.txt
https://www.cpp.edu/programs/index.shtml?college=Education%20and%20Integrative%20Studies      ,11.txt
https://www.cpp.edu/news/content/2025/04/walkability-and-urban-sprawls-how-jayvion-campbell-weaves-art-and-accessibility-into-architecture/index.shtml,12.txt
https://www.cpp.edu/openhouse/,13.txt
https://www.cpp.edu/aboutcpp/visitor-information/attractions.shtml,14.txt
https://www.cpp.edu/student-gateway/,15.txt
https://www.cpp.edu/alumni/,16.txt
https://www.cpp.edu/contact.shtml,17.txt
https://www.cpp.edu/website-feedback.shtml,18.txt
https://www.cpp.edu/equal-opportunity.shtml,19.txt
https://www.cpp.edu/officeofequity/index.shtml,20.txt
https://www.cpp.edu/family/,21.txt
https://www.cpp.edu/faculty-staff-gateway/,22.txt
https://www.cpp.edu/studentparents/,23.txt
https://www.cpp.edu/academics/,24.txt
https://www.cpp.edu/admissions/index.shtml,25.txt
https://www.cpp.edu/annual-security-report.shtml,26.txt
https://www.cpp.edu/file-viewers.shtml,27.txt
https://www.cpp.edu/programs/index.shtml?college=Science      ,28.txt
https://www.cpp.edu/agri/,29.txt
https://www.cpp.edu/programs/index.shtml?college=The%20Collins%20College%20of%20Hospitality%20Management      ,30.txt
https://www.cpp.edu/commencement/,31.txt
https://www.cpp.edu/cba/,32.txt
https://www.cpp.edu/engineering/,33.txt
https://www.cpp.edu/news/content/2025/04/graduate-and-fellow-broncos-set-the-stage-for-indie-musicians-to-shine/index.shtml,34.txt
https://www.cpp.edu/outreach/tours.shtml,35.txt
https://www.cpp.edu/housing/futureresidents/apply-to-uhs.shtml,36.txt
https://www.cpp.edu/programs/index.shtml?college=Environmental%20Design      ,37.txt
https://www.cpp.edu/alpha-index/index.shtml,38.txt
https://www.cpp.edu/em/,39.txt
https://www.cpp.edu/programs/index.shtml,40.txt
https://www.cpp.edu/programs/index.shtml?college=Agriculture      ,41.txt
https://www.cpp.edu/financial-aid/index.shtml,42.txt
https://www.cpp.edu/news/content/2025/04/cpp-provides-fertile-ground-where-humans-and-nature-thrive/index.shtml,43.txt
https://www.cpp.edu/cba/graduate-business-programs/,44.txt
https://www.cpp.edu/campus-safety-plan.shtml,45.txt
https://www.cpp.edu/student-affairs,46.txt
https://www.cpp.edu/apply/,47.txt
https://www.cpp.edu/stratcomm/media-relations.shtml,48.txt
"https://www.cpp.edu/programs/index.shtml?college=Letters,%20Arts,%20and%20Social%20Sciences      ",49.txt
https://www.cpp.edu/programs/index.shtml?college=Engineering      ,50.txt
https://www.cpp.edu/collins/,51.txt
https://www.cpp.edu/sci/,52.txt
https://www.cpp.edu/giving/index.shtml,53.txt
https://www.cpp.edu/cpge/,54.txt
https://www.cpp.edu/accessibility.shtml,55.txt
https://www.cpp.edu/philanthropy/,56.txt
https://www.cpp.edu#main,57.txt
https://www.cpp.edu/news/,58.txt
https://www.cpp.edu/privacy.shtml,59.txt
https://www.cpp.edu/ssep/uss-home.shtml,60.txt
https://www.cpp.edu/,61.txt
https://www.cpp.edu/programs/index.shtml?programType=Master,62.txt
https://www.cpp.edu/giving/,63.txt
https://www.cpp.edu/prospective-student-gateway/,64.txt
https://www.cpp.edu/jobs/index.shtml,65.txt
https://www.cpp.edu/student-affairs/topics/diversity.shtml,66.txt
https://www.cpp.edu/ceis/,67.txt
https://www.cpp.edu/programs/index.shtml?programType=Bachelor#{{program['firstLetter']}},68.txt
https://www.cpp.edu/programs/index.shtml?programType=Bachelor#main,69.txt
https://www.cpp.edu/programs/index.shtml?programType=Bachelor#top,70.txt
https://www.cpp.edu/programs/index.shtml?college=Business%20Administration      #top,71.txt
https://www.cpp.edu/programs/index.shtml?college=Business%20Administration      #main,72.txt
https://www.cpp.edu/programs/index.shtml?college=Business%20Administration      #{{program['firstLetter']}},73.txt
https://www.facebook.com/sharer/sharer.php?u=https://www.cpp.edu/news/content/2025/04/cultivation-celebration-to-showcase-student-innovation-and-community-resilience/index.shtml,74.txt
https://www.cpp.edu/campus-life/index.shtml#main,75.txt
https://www.cpp.edu/events/#main,76.txt
https://www.cpp.edu/class/discover-class/contact-us.shtml,77.txt
https://www.cpp.edu/class/#main,78.txt
https://www.cpp.edu/class/alumni/alumni-showcase.shtml,79.txt
https://www.cpp.edu/class/geography-anthropology/programs/geography.shtml,80.txt
https://www.cpp.edu/class/news/2025-04-15-pls-trip-abroad.shtml,81.txt
https://www.cpp.edu/class/news/2025-04-22-anthropology-club.shtml,82.txt
https://www.cpp.edu/class/news/2025-04-22-tara-oper.shtml,83.txt
https://www.cpp.edu/class/alumni/index.shtml,84.txt
https://www.cpp.edu/class/communication/courses.shtml,85.txt
https://www.cpp.edu/class/news/2025-03-17-bidart-alumni.shtml,86.txt
https://www.cpp.edu/class/news/news-listing-page.shtml,87.txt
https://www.cpp.edu/env/programs/minors.shtml,88.txt
https://www.cpp.edu/env/model-shop/index.shtml,89.txt
https://www.cpp.edu/env/make-a-gift/index.shtml,90.txt
https://www.cpp.edu/env/lyle/index.shtml,91.txt
https://www.cpp.edu/env/culture/env-archives.shtml,92.txt
https://www.cpp.edu/env/urp/degrees-admissions/graduate-program.shtml,93.txt
https://www.cpp.edu/env/resources/isb.shtml,94.txt
https://www.cpp.edu/env/#main,95.txt
https://www.cpp.edu/env/about/contact-us.shtml,96.txt
https://www.cpp.edu/env/art/index.shtml,97.txt
https://www.cpp.edu/env/architecture/resources/arc-fab-lab.shtml,98.txt
https://www.cpp.edu/env/urp/academic-resources/gis-lab.shtml,99.txt
https://www.cpp.edu/env/culture/neutra-vdl.shtml,100.txt
https://www.cpp.edu/env/architecture/program-degrees-admissions/master-of-architecture.shtml,101.txt
https://www.cpp.edu/env/architecture/program-degrees-admissions/master-of-interior-architecture.shtml,102.txt
https://www.cpp.edu/env/index.shtml,103.txt
https://www.cpp.edu/env/about/deans-advisory-council/index.shtml,104.txt
https://www.cpp.edu/env/about/org-chart/index.shtml,105.txt
https://www.cpp.edu/env/programs/ge-courses.shtml,106.txt
https://www.cpp.edu/env/landscape-architecture/index.shtml,107.txt
https://www.cpp.edu/env/architecture/resources/studio-culture.shtml,108.txt
https://www.cpp.edu/env/about/history.shtml,109.txt
https://www.cpp.edu/env/student-success-advising-center/index.shtml,110.txt
https://www.cpp.edu/env/about/mission.shtml,111.txt
https://www.cpp.edu/env/urp/index.shtml,112.txt
https://www.cpp.edu/env/landscape-architecture/degrees-admissions/masters.shtml,113.txt
https://www.cpp.edu/env/about/deans-office.shtml,114.txt
https://www.cpp.edu/env/lyle/degrees-admissions/ms-regenerative-studies.shtml,115.txt
https://www.cpp.edu/env/architecture/index.shtml,116.txt
https://www.cpp.edu/academic-manual/1300-1399-academic-personnel-policies/1350-1360-grievance-and-disciplinary-action.shtml,117.txt
https://www.cpp.edu/academic-manual/1300-1399-academic-personnel-policies/1386-1392-resignation-retirement-separation.shtml,118.txt
https://www.cpp.edu/academic-manual/1400-1499-academic-standards-regulations/index.shtml,119.txt
https://www.cpp.edu/academic-manual/1300-1399-academic-personnel-policies/1393-1399-compensation-workload.shtml,120.txt
https://www.cpp.edu/academic-manual/1300-1399-academic-personnel-policies/1300-1324-faculty-mpp-appointments.shtml,121.txt
https://www.cpp.edu/academic-manual/1500-1599-general-policies/index.shtml,122.txt
https://www.cpp.edu/academic-manual/1600-1699-grading-student-affairs/index.shtml,123.txt
https://www.cpp.edu/academic-manual/am-search.shtml,124.txt
https://www.cpp.edu/academic-manual/1300-1399-academic-personnel-policies/1375-1385-faculty-leaves.shtml,125.txt
https://www.cpp.edu/academic-manual/0100-0200-organization-and-shared-governance/index.shtml,126.txt
https://www.cpp.edu/academic-manual/1000-1099-academic-organization-and-services/index.shtml,127.txt
https://www.cpp.edu/academic-manual/1300-1399-academic-personnel-policies/1325-1349-faculty-mpp-performance-evaluations.shtml,128.txt
https://www.cpp.edu/academic-manual/1100-1199-curricular-policies/index.shtml,129.txt
https://www.cpp.edu/academic-manual/1200-1299-research-and-instructional-support/index.shtml,130.txt
https://www.cpp.edu/academic-manual#item-1,131.txt
https://www.cpp.edu/academic-manual/contact-us.shtml,132.txt
https://www.cpp.edu/programs/index.shtml?college=Education%20and%20Integrative%20Studies      #{{program['firstLetter']}},133.txt
https://www.cpp.edu/programs/index.shtml?college=Education%20and%20Integrative%20Studies      #main,134.txt
https://www.cpp.edu/programs/index.shtml?college=Education%20and%20Integrative%20Studies      #top,135.txt
https://www.facebook.com/sharer/sharer.php?u=https://www.cpp.edu/news/content/2025/04/walkability-and-urban-sprawls-how-jayvion-campbell-weaves-art-and-accessibility-into-architecture/index.shtml,136.txt
https://www.cpp.edu/openhouse/lodging.shtml,137.txt
https://www.cpp.edu/openhouse/faqs.shtml,138.txt
https://www.cpp.edu/openhouse/accommodations.shtml,139.txt
https://www.cpp.edu/openhouse/index.shtml,140.txt
https://www.cpp.edu/openhouse/directions.shtml,141.txt
https://www.cpp.edu/openhouse/dining.shtml,142.txt
https://www.cpp.edu/openhouse/agenda.shtml,143.txt
https://www.cpp.edu/openhouse/#main,144.txt
https://www.cpp.edu/aboutcpp/visitor-information/attractions.shtml#main,145.txt
https://www.cpp.edu/student-gateway/#main,146.txt
https://www.cpp.edu/alumni/vision-and-purpose.shtml,147.txt
https://www.cpp.edu/alumni/get-involved/professor.shtml,148.txt
https://www.cpp.edu/alumni/outstanding-alumni/about-distinguished.shtml,149.txt
https://www.cpp.edu/alumni/chapters/rose-float.shtml,150.txt
https://www.cpp.edu/alumni/volunteer-guidelines.shtml,151.txt
https://www.cpp.edu/alumni/chapters/pilipino_chapter.shtml,152.txt
https://www.cpp.edu/alumni/get-involved/mentoring.shtml,153.txt
https://www.cpp.edu/alumni/zoombackgrounds.shtml,154.txt
https://www.cpp.edu/alumni/chapters/regional.shtml,155.txt
https://www.cpp.edu/alumni/portfolium.shtml,156.txt
https://www.cpp.edu/alumni/events.shtml,157.txt
https://www.cpp.edu/alumni/chapters/agalumni.shtml,158.txt
https://www.cpp.edu/alumni/faqs.shtml,159.txt
https://www.cpp.edu/alumni/outstanding-alumni/distinguishedalumnigala.shtml,160.txt
https://www.cpp.edu/alumni/chapters/black.shtml,161.txt
https://www.cpp.edu/alumni/outstanding-alumni/2022-recipients.shtml,162.txt
https://www.cpp.edu/alumni/alumni-career-services.shtml,163.txt
https://www.cpp.edu/alumni/get-involved/index.shtml,164.txt
https://www.cpp.edu/alumni/student-outreach/index.shtml,165.txt
https://www.cpp.edu/alumni/get-involved/dining.shtml,166.txt
https://www.cpp.edu/alumni/alumni-resources.shtml,167.txt
https://www.cpp.edu/alumni/chapters/urp.shtml,168.txt
https://www.cpp.edu/alumni/financial-workshops-25.shtml,169.txt
https://www.cpp.edu/alumni/outstanding-alumni/index.shtml,170.txt
https://www.cpp.edu/alumni/chapters/business.shtml,171.txt
https://www.cpp.edu/alumni/chapters/asi.shtml,172.txt
https://www.cpp.edu/alumni/lovestories2024.shtml,173.txt
https://www.cpp.edu/alumni/membership,174.txt
https://www.cpp.edu/alumni/chapters/collins.shtml,175.txt
https://www.cpp.edu/alumni/contact.shtml,176.txt
https://www.cpp.edu/alumni/board.shtml,177.txt
https://www.cpp.edu/alumni/#CPPCarousel,178.txt
https://www.cpp.edu/alumni/polyalumni-newsletter.shtml,179.txt
https://www.cpp.edu/alumni/chapters/latino.shtml,180.txt
https://www.cpp.edu/alumni/member-benefits.shtml,181.txt
https://www.cpp.edu/alumni/outstanding-alumni/past-recipients.shtml,182.txt
https://www.cpp.edu/alumni/about.shtml,183.txt
https://www.cpp.edu/alumni/chapters/index.shtml,184.txt
https://www.cpp.edu/contact.shtml#main,185.txt
https://www.cpp.edu/website-feedback.shtml#main,186.txt
https://www.cpp.edu/equal-opportunity.shtml#main,187.txt
https://www.cpp.edu/officeofequity/index.shtml#main,188.txt
https://www.cpp.edu/family/#main,189.txt
https://www.cpp.edu/faculty-staff-gateway/#main,190.txt
https://www.cpp.edu/studentparents/policies.shtml,191.txt
https://www.cpp.edu/studentparents/team.shtml,192.txt
https://www.cpp.edu/studentparents/registration.shtml,193.txt
https://www.cpp.edu/studentparents/resources.shtml,194.txt
https://www.cpp.edu/studentparents/index.shtml,195.txt
https://www.cpp.edu/studentparents/research.shtml,196.txt
https://www.cpp.edu/academics/colleges-departments.shtml,197.txt
https://www.cpp.edu/academics/#main,198.txt
https://www.cpp.edu/admissions/index.shtml#main,199.txt
https://www.cpp.edu/annual-security-report.shtml#main,200.txt
https://www.cpp.edu/file-viewers.shtml#main,201.txt
https://www.cpp.edu/programs/index.shtml?college=Science      #main,202.txt
https://www.cpp.edu/programs/index.shtml?college=Science      #top,203.txt
https://www.cpp.edu/programs/index.shtml?college=Science      #{{program['firstLetter']}},204.txt
https://www.cpp.edu/agri/clubs-organizations/index.shtml,205.txt
https://www.cpp.edu/agri/#main,206.txt
https://www.cpp.edu/agri/about/index.shtml,207.txt
https://www.cpp.edu/agri/centers-and-more/ctilt/index.shtml,208.txt
https://www.cpp.edu/agri/plant-science/index.shtml,209.txt
https://www.cpp.edu/agri/apparel-technology-research-center/index.shtml,210.txt
https://www.cpp.edu/agri/animal-science/faculty-staff/index.shtml,211.txt
https://www.cpp.edu/agri/nutrition-food-science/faculty-staff/index.shtml,212.txt
https://www.cpp.edu/agri/future-students/index.shtml,213.txt
https://www.cpp.edu/agri/agricultural-research-institute/index.shtml,214.txt
https://www.cpp.edu/agri/programs/minors.shtml,215.txt
https://www.cpp.edu/agri/student-resources/first-year-experience.shtml,216.txt
https://www.cpp.edu/agri/news/2025-frencer-obit.shtml,217.txt
https://www.cpp.edu/agri/giving/why-give.shtml,218.txt
https://www.cpp.edu/agri/alumni/contact-us.shtml,219.txt
https://www.cpp.edu/agri/index.shtml,220.txt
https://www.cpp.edu/agri/nutrition-food-science/index.shtml,221.txt
https://www.cpp.edu/agri/alumni/share-alumni-story.shtml,222.txt
https://www.cpp.edu/agri/degrees/credentials.shtml,223.txt
https://www.cpp.edu/agri/centers-and-more/carfs.shtml,224.txt
https://www.cpp.edu/agri/alumni/events.shtml,225.txt
https://www.cpp.edu/agri/student-resources/scholarships.shtml,226.txt
https://www.cpp.edu/agri/alumni/career.shtml,227.txt
https://www.cpp.edu/agri/alumni/newsletter-signup.shtml,228.txt
https://www.cpp.edu/agri/nutrition-food-science/programs/nutrition-bs.shtml,229.txt
https://www.cpp.edu/agri/news/2025-turf-bowl.shtml,230.txt
https://www.cpp.edu/agri/animal-science/index.shtml,231.txt
https://www.cpp.edu/agri/agribusiness-agricultural-science/index.shtml,232.txt
https://www.cpp.edu/agri/agribusiness-agricultural-science/faculty-staff/index.shtml,233.txt
https://www.cpp.edu/agri/apparel-merchandising-and-management/index.shtml,234.txt
https://www.cpp.edu/agri/student-resources/internships.shtml,235.txt
https://www.cpp.edu/agri/staff/index.shtml,236.txt
https://www.cpp.edu/agri/news/2025-apvma.shtml,237.txt
https://www.cpp.edu/agri/dietetic-internship-program/index.shtml,238.txt
https://www.cpp.edu/agri/nutrition-food-science/programs/food-science-and-technology-bs.shtml,239.txt
https://www.cpp.edu/agri/news/2025-swiss-am-food-agri-tech.shtml,240.txt
https://www.cpp.edu/agri/animal-science/programs/agriculture-ms-animal-science.shtml,241.txt
https://www.cpp.edu/agri/alumni/parents-and-family.shtml,242.txt
https://www.cpp.edu/agri/plant-science/programs/agricultural-ms-plant-science.shtml,243.txt
https://www.cpp.edu/agri/giving/ways-to-give.shtml,244.txt
https://www.cpp.edu/agri/plant-science/faculty-staff/index.shtml,245.txt
https://www.cpp.edu/agri/giving/contact-us.shtml,246.txt
https://www.cpp.edu/agri/alumni/update-info/index.shtml,247.txt
https://www.cpp.edu/agri/urban/index.shtml,248.txt
https://www.cpp.edu/agri/student-resources/advising/index.shtml,249.txt
https://www.cpp.edu/agri/about/board-of-advisors.shtml,250.txt
https://www.cpp.edu/agri/alumni/outstanding-alumni.shtml,251.txt
https://www.cpp.edu/agri/apparel-merchandising-and-management/faculty-staff/index.shtml,252.txt
https://www.cpp.edu/agri/alumni/index.shtml,253.txt
https://www.cpp.edu/agri/nutrition-food-science/programs/agriculture-ms-nutrition-and-food-science.shtml,254.txt
https://www.cpp.edu/agri/agribusiness-agricultural-science/programs/agricultural-ms-agricultural-science.shtml,255.txt
https://www.cpp.edu/agri/student-resources/student-employment.shtml,256.txt
https://www.cpp.edu/agri/giving/cpp.shtml,257.txt
https://www.cpp.edu/programs/index.shtml?college=The%20Collins%20College%20of%20Hospitality%20Management      #top,258.txt
https://www.cpp.edu/programs/index.shtml?college=The%20Collins%20College%20of%20Hospitality%20Management      #main,259.txt
https://www.cpp.edu/programs/index.shtml?college=The%20Collins%20College%20of%20Hospitality%20Management      #{{program['firstLetter']}},260.txt
https://www.cpp.edu/commencement/#item-1,261.txt
https://www.cpp.edu/commencement/graduates-information/cultural.shtml,262.txt
https://www.cpp.edu/commencement/accessibility-information.shtml,263.txt
https://www.cpp.edu/commencement/may-16-schedule.shtml,264.txt
https://www.cpp.edu/commencement/graduates-information/requirements.shtml,265.txt
https://www.cpp.edu/commencement/join-our-team.shtml,266.txt
https://www.cpp.edu/commencement/may-18-schedule.shtml,267.txt
https://www.cpp.edu/commencement/index.shtml,268.txt
https://www.cpp.edu/commencement/graduates-information/honorcord-diploma.shtml,269.txt
https://www.cpp.edu/commencement/faq.shtml,270.txt
https://www.cpp.edu/commencement/planning-ahead/index.shtml,271.txt
https://www.cpp.edu/commencement/#CPPCarousel,272.txt
https://www.cpp.edu/commencement/campus-safety.shtml,273.txt
https://www.cpp.edu/commencement/may-17-schedule.shtml,274.txt
https://www.cpp.edu/cba/international-business-marketing/index.shtml,275.txt
https://www.cpp.edu/cba/smif/index.shtml,276.txt
https://www.cpp.edu/cba/our-faculty/index.shtml,277.txt
https://www.cpp.edu/cba/technology-and-operations-management/index.shtml,278.txt
https://www.cpp.edu/cba/computer-information-systems/index.shtml,279.txt
https://www.cpp.edu/cba/management-and-human-resources/index.shtml,280.txt
https://www.cpp.edu/cba/about/dean-krishnamurthy.shtml,281.txt
https://www.cpp.edu/cba/about/deans-advisory-council.shtml,282.txt
https://www.cpp.edu/cba/#main,283.txt
https://www.cpp.edu/cba/about/cba-student-organizations.shtml,284.txt
https://www.cpp.edu/cba/information-assurance/,285.txt
https://www.cpp.edu/cba/news/lets-taco-bout-business.shtml,286.txt
https://www.cpp.edu/cba/giving/index.shtml,287.txt
https://www.cpp.edu/cba/our-faculty/cba-deans-research-seminar-series.shtml,288.txt
https://www.cpp.edu/cba/about/pomona-pulse.shtml,289.txt
https://www.cpp.edu/cba/finance-real-estate-and-law/index.shtml,290.txt
https://www.cpp.edu/cba/graduate-business-programs/contact.shtml,291.txt
https://www.cpp.edu/cba/accounting/index.shtml,292.txt
https://www.cpp.edu/cba/about/mission-vision.shtml,293.txt
https://www.cpp.edu/cba/finance-real-estate-and-law/dr-j-douglas-ramsey-financial-markets-room/index.shtml,294.txt
https://www.cpp.edu/cba/student-success/mentorship-program.shtml,295.txt
https://www.cpp.edu/cba/about/facts-and-figures.shtml,296.txt
https://www.cpp.edu/cba/accounting/volunteer-income-tax-assistance/index.shtml,297.txt
https://www.cpp.edu/cba/symposium.shtml,298.txt
https://www.cpp.edu/cba/news/pharmd-mba-western-university-announcement.shtml,299.txt
https://www.cpp.edu/cba/about/aacsb-accreditation.shtml,300.txt
https://www.cpp.edu/cba/about/deans-office.shtml,301.txt
https://www.cpp.edu/cba/news/anthonyorlando.shtml,302.txt
https://www.cpp.edu/cba/news/mhrseniorproject1.shtml,303.txt
https://www.cpp.edu/cba/customer-insights-lab/index.shtml,304.txt
https://www.cpp.edu/cba/news/news-listing-page.shtml,305.txt
https://www.cpp.edu/cba/student-success-center/index.shtml,306.txt
https://www.cpp.edu/cba/digital-innovation/index.shtml,307.txt
https://www.cpp.edu/cba/about/singelyn-sgsb-gift-of-innovation.shtml,308.txt
https://www.cpp.edu/cba/about/diversity-and-inclusion-excellence.shtml,309.txt
https://www.cpp.edu/cba/technology-and-operations-management/ebz-curriculum/index.shtml,310.txt
https://www.cpp.edu/engineering/activities/industry-resources.shtml,311.txt
https://www.cpp.edu/engineering/about/neighborhood.shtml,312.txt
https://www.cpp.edu/engineering/about/welcome-from-dean.shtml,313.txt
https://www.cpp.edu/engineering/academics/undergrad.shtml,314.txt
https://www.cpp.edu/engineering/events/calendar/index.shtml,315.txt
https://www.cpp.edu/engineering/industry-advisory-councils/index.shtml,316.txt
https://www.cpp.edu/engineering/about/strategic-planning.shtml,317.txt
https://www.cpp.edu/engineering/mep/index.shtml,318.txt
https://www.cpp.edu/engineering/se/index.shtml,319.txt
https://www.cpp.edu/engineering/index.shtml,320.txt
https://www.cpp.edu/engineering/academics/grad.shtml,321.txt
https://www.cpp.edu/engineering/me/graduate-program/index.shtml,322.txt
https://www.cpp.edu/engineering/activities/lecture.shtml,323.txt
https://www.cpp.edu/engineering/giving/index.shtml,324.txt
https://www.cpp.edu/engineering/activities/commencement.shtml,325.txt
https://www.cpp.edu/engineering/college/branding-and-communications.shtml,326.txt
https://www.cpp.edu/engineering/femineer/index.shtml,327.txt
https://www.cpp.edu/engineering/giving/hall-of-fame/index.shtml,328.txt
https://www.cpp.edu/engineering/me/index.shtml,329.txt
https://www.cpp.edu/engineering/aro/index.shtml,330.txt
https://www.cpp.edu/engineering/about/mission.shtml,331.txt
https://www.cpp.edu/engineering/leadership-program/index.shtml,332.txt
https://www.cpp.edu/engineering/news/news-listing-page.shtml,333.txt
https://www.cpp.edu/engineering/sab/index.shtml,334.txt
https://www.cpp.edu/engineering/cme/index.shtml,335.txt
https://www.cpp.edu/engineering/ece/index.shtml,336.txt
https://www.cpp.edu/engineering/et/index.shtml,337.txt
https://www.cpp.edu/engineering/about/lecturer.shtml,338.txt
https://www.cpp.edu/engineering/departments/safety.shtml,339.txt
https://www.cpp.edu/engineering/about/dlb.shtml,340.txt
https://www.cpp.edu/engineering/ce/index.shtml,341.txt
https://www.cpp.edu/engineering/mentoring-network.shtml,342.txt
https://www.cpp.edu/engineering/outreach/tours.shtml,343.txt
https://www.cpp.edu/engineering/activities/symposium.shtml,344.txt
https://www.cpp.edu/engineering/ece/msee/index.shtml,345.txt
https://www.cpp.edu/engineering/about/deans-office.shtml,346.txt
https://www.cpp.edu/engineering/#main,347.txt
https://www.cpp.edu/engineering/about/rankings.shtml,348.txt
https://www.cpp.edu/engineering/cppwise/index.shtml,349.txt
https://www.cpp.edu/engineering/aro/graduate/index.shtml,350.txt
https://www.cpp.edu/engineering/honors/coe-scholarship.shtml,351.txt
https://www.cpp.edu/engineering/ime/index.shtml,352.txt
https://www.cpp.edu/engineering/academics/first-year.shtml,353.txt
https://www.cpp.edu/engineering/about/org-chart.shtml,354.txt
https://www.cpp.edu/engineering/advising/index.shtml,355.txt
https://www.cpp.edu/engineering/departments/resources.shtml,356.txt
https://www.cpp.edu/engineering/research/facilities.shtml,357.txt
https://www.cpp.edu/engineering/events/index.shtml,358.txt
https://www.facebook.com/sharer/sharer.php?u=https://www.cpp.edu/news/content/2025/04/graduate-and-fellow-broncos-set-the-stage-for-indie-musicians-to-shine/index.shtml,359.txt
https://www.cpp.edu/outreach/tours.shtml#main,360.txt
https://www.cpp.edu/housing/futureresidents/apply-to-uhs.shtml#main,361.txt
https://www.cpp.edu/programs/index.shtml?college=Environmental%20Design      #top,362.txt
https://www.cpp.edu/programs/index.shtml?college=Environmental%20Design      #main,363.txt
https://www.cpp.edu/programs/index.shtml?college=Environmental%20Design      #{{program['firstLetter']}},364.txt
https://www.cpp.edu/alpha-index/index.shtml#directory-list,365.txt
https://www.cpp.edu/em/emergency-communication/safety-alert-system.shtml,366.txt
https://www.cpp.edu/em/about-us.shtml,367.txt
https://www.cpp.edu/em/emergency-procedures.shtml,368.txt
https://www.cpp.edu/em/#item-1,369.txt
https://www.cpp.edu/em/reosources.shtml,370.txt
https://www.cpp.edu/em/emergency-communication/index.shtml,371.txt
https://www.cpp.edu/em/contact-us.shtml,372.txt
https://www.cpp.edu/em/evacuation-sites.shtml,373.txt
https://www.cpp.edu/em/index.shtml,374.txt
https://www.cpp.edu/em/great-shake-out/index.shtml,375.txt
https://www.cpp.edu/em/evac-chair.shtml,376.txt
https://www.cpp.edu/em/business-continuity.shtml,377.txt
https://www.cpp.edu/em/trainings-and-demonstrations.shtml,378.txt
https://www.cpp.edu/programs/index.shtml#{{program['firstLetter']}},379.txt
https://www.cpp.edu/programs/index.shtml#top,380.txt
https://www.cpp.edu/programs/index.shtml#main,381.txt
https://www.cpp.edu/programs/index.shtml?college=Agriculture      #{{program['firstLetter']}},382.txt
https://www.cpp.edu/programs/index.shtml?college=Agriculture      #main,383.txt
https://www.cpp.edu/programs/index.shtml?college=Agriculture      #top,384.txt
https://www.cpp.edu/financial-aid/index.shtml#main,385.txt
https://www.facebook.com/sharer/sharer.php?u=https://www.cpp.edu/news/content/2025/04/cpp-provides-fertile-ground-where-humans-and-nature-thrive/index.shtml,386.txt
https://www.cpp.edu/cba/graduate-business-programs/programs/mba.shtml,387.txt
https://www.cpp.edu/cba/graduate-business-programs/about/students-2022/lorenzo-martinez.shtml,388.txt
https://www.cpp.edu/cba/graduate-business-programs/programs/master-degree-in-digital-marketing-and-marketing-analytics.shtml,389.txt
https://www.cpp.edu/cba/graduate-business-programs/programs/masters-digital-supply-chain-management.shtml,390.txt
https://www.cpp.edu/cba/graduate-business-programs/programs/master-science-accountancy.shtml,391.txt
https://www.cpp.edu/cba/graduate-business-programs/application-details.shtml,392.txt
https://www.cpp.edu/cba/graduate-business-programs/faqs.shtml,393.txt
https://www.cpp.edu/cba/graduate-business-programs/#CPPCarousel,394.txt
https://www.cpp.edu/cba/graduate-business-programs/schedule.shtml,395.txt
https://www.cpp.edu/cba/graduate-business-programs/programs/master-science-financial-analytics.shtml,396.txt
https://www.cpp.edu/cba/graduate-business-programs/events/index.shtml,397.txt
https://www.cpp.edu/cba/graduate-business-programs/programs/master-science-information-security-face-to-face.shtml,398.txt
https://www.cpp.edu/cba/graduate-business-programs/programs/masters-information-security.shtml,399.txt
https://www.cpp.edu/cba/graduate-business-programs/index.shtml,400.txt
https://www.cpp.edu/cba/graduate-business-programs/programs/master-science-business-analytics.shtml,401.txt
https://www.cpp.edu/cba/graduate-business-programs/programs/master-science-human-resources-leadership.shtml,402.txt
https://www.cpp.edu/campus-safety-plan.shtml#main,403.txt
https://www.cpp.edu/student-affairs/sa-staff/awards.shtml,404.txt
https://www.cpp.edu/student-affairs/topics/policies.shtml,405.txt
https://www.cpp.edu/student-affairs/sa-staff/hr.shtml,406.txt
https://www.cpp.edu/student-affairs/topics/support.shtml,407.txt
https://www.cpp.edu/student-affairs/sa-staff/vprequest.shtml,408.txt
https://www.cpp.edu/student-affairs/sa-staff/pro-dev.shtml,409.txt
https://www.cpp.edu/student-affairs#main,410.txt
https://www.cpp.edu/student-affairs/topics/involvement.shtml,411.txt
https://www.cpp.edu/student-affairs/sa-staff/volunteers.shtml,412.txt
https://www.cpp.edu/student-affairs/dsa/aboutus.shtml,413.txt
https://www.cpp.edu/student-affairs/dsa/leadership.shtml,414.txt
https://www.cpp.edu/student-affairs/topics/safety.shtml,415.txt
https://www.cpp.edu/student-affairs/dsa/contact-us.shtml,416.txt
https://www.cpp.edu/student-affairs/sa-staff/dsabudget.shtml,417.txt
https://www.cpp.edu/student-affairs/sa-staff/ade.shtml,418.txt
https://www.cpp.edu/student-affairs/topics/health.shtml,419.txt
https://www.cpp.edu/student-affairs/dsa/org-chart.shtml,420.txt
https://www.cpp.edu/student-affairs/dsa/new-hires.shtml,421.txt
https://www.cpp.edu/student-affairs/index.shtml,422.txt
https://www.cpp.edu/student-affairs/topics/meet-sa-leaders.shtml,423.txt
https://www.cpp.edu/student-affairs/sa-staff/dsamarketing.shtml,424.txt
https://www.cpp.edu/student-affairs/sa-staff/travel-request.shtml,425.txt
https://www.cpp.edu/apply/#main,426.txt
https://www.cpp.edu/stratcomm/media-relations.shtml#main,427.txt
"https://www.cpp.edu/programs/index.shtml?college=Letters,%20Arts,%20and%20Social%20Sciences      #{{program['firstLetter']}}",428.txt
"https://www.cpp.edu/programs/index.shtml?college=Letters,%20Arts,%20and%20Social%20Sciences      #main",429.txt
"https://www.cpp.edu/programs/index.shtml?college=Letters,%20Arts,%20and%20Social%20Sciences      #top",430.txt
https://www.cpp.edu/programs/index.shtml?college=Engineering      #main,431.txt
https://www.cpp.edu/programs/index.shtml?college=Engineering      #top,432.txt
https://www.cpp.edu/programs/index.shtml?college=Engineering      #{{program['firstLetter']}},433.txt
https://www.cpp.edu/collins/#main,434.txt
https://www.cpp.edu/collins/about/accreditation.shtml,435.txt
https://www.cpp.edu/collins/current-students/hospitality-work-experience.shtml,436.txt
https://www.cpp.edu/collins/current-students/index.shtml#cul-minor,437.txt
https://www.cpp.edu/collins/news/articles/str-1st-place-11-23-2022.shtml,438.txt
https://www.cpp.edu/collins/connect-with-us/request-more-info.shtml,439.txt
https://www.cpp.edu/collins/connect-with-us/tours.shtml,440.txt
https://www.cpp.edu/collins/news/news-alis-2020-student-ambassadors.shtml,441.txt
https://www.cpp.edu/collins/james-arthur-collins.shtml,442.txt
https://www.cpp.edu/collins/news/news-new-boa.shtml,443.txt
https://www.cpp.edu/collins/news/news-ill-be-the-next.shtml,444.txt
https://www.cpp.edu/collins/current-students/index.shtml#hm-minor,445.txt
https://www.cpp.edu/collins/news/news-listing-page.shtml,446.txt
https://www.cpp.edu/sci/newsletter/cal-poly-pomona-celebrates-diversity-provides-community-support-and-a-path-to-success.shtml,447.txt
https://www.cpp.edu/sci/newsletter/40-million-people-in-the-us-have-toxoplasmosis-why-do-we-know-so-little-about-it.shtml,448.txt
https://www.cpp.edu/sci/newsletter/geology-student-stands-for-educational-equity-and-environmental-justice.shtml,449.txt
https://www.cpp.edu/sci/newsletter/cpp-alumnus-appointed-state-geologist.shtml,450.txt
https://www.cpp.edu/sci/newsletter/22-million-dollar-nsf-grant-will-prepare-students-for-biotech-industry.shtml,451.txt
https://www.cpp.edu/sci/#main,452.txt
https://www.cpp.edu/sci/news/index.shtml,453.txt
https://www.cpp.edu/sci/newsletter/student-gains-a-brighter-future-by-studying-the-past.shtml,454.txt
https://www.cpp.edu/sci/newsletter/finding-a-more-sustainable-future.shtml,455.txt
https://www.cpp.edu/sci/newsletter/preparing-for-a-career-in-medicine.shtml,456.txt
https://www.cpp.edu/giving/index.shtml#CPPCarousel,457.txt
https://www.cpp.edu/cpge/degree-programs/dietetics/index.shtml,458.txt
https://www.cpp.edu/cpge/#main,459.txt
https://www.cpp.edu/cpge/contact-us.shtml,460.txt
https://www.cpp.edu/cpge/about-us/organizational-chart.shtml,461.txt
https://www.cpp.edu/cpge/index.shtml,462.txt
https://www.cpp.edu/cpge/global-campus/index.shtml,463.txt
https://www.cpp.edu/cpge/degree-programs/geology/index.shtml,464.txt
https://www.cpp.edu/cpge/degree-programs/public-administration/index.shtml,465.txt
https://www.cpp.edu/cpge/about-us/index.shtml,466.txt
https://www.cpp.edu/cpge/degree-programs/index.shtml,467.txt
https://www.cpp.edu/cpge/degree-programs/hospitality/index.shtml,468.txt
https://www.cpp.edu/cpge/success_stories.shtml,469.txt
https://www.cpp.edu/cpge/professional-development/index.shtml,470.txt
https://www.cpp.edu/cpge/open-university/index.shtml,471.txt
https://www.cpp.edu/cpge/degree-programs/interior-architecture/index.shtml,472.txt
https://www.cpp.edu/cpge/certificate-programs/index.shtml,473.txt
https://www.cpp.edu/cpge/degree-programs/system-engineering/index.shtml,474.txt
https://www.cpp.edu/accessibility.shtml#main,475.txt
https://www.cpp.edu/philanthropy/policies/general.shtml,476.txt
https://www.cpp.edu/philanthropy/governance/index.shtml,477.txt
https://www.cpp.edu/philanthropy/#item-2,478.txt
https://www.cpp.edu/philanthropy/about/faqs.shtml,479.txt
https://www.cpp.edu/philanthropy/policies/financial.shtml,480.txt
https://www.cpp.edu/philanthropy/about/index.shtml,481.txt
https://www.cpp.edu/philanthropy/about/trainings.shtml,482.txt
https://www.cpp.edu/philanthropy/governance/agendas-minutes.shtml,483.txt
https://www.cpp.edu/philanthropy/reports.shtml,484.txt
https://www.cpp.edu/philanthropy/forms.shtml,485.txt
https://www.cpp.edu/philanthropy/about/public-documents.shtml,486.txt
https://www.cpp.edu/philanthropy/giving/impact.shtml,487.txt
https://www.cpp.edu/philanthropy/#item-1,488.txt
https://www.cpp.edu/philanthropy/giving/endowment.shtml,489.txt
https://www.cpp.edu/philanthropy/#item-4,490.txt
https://www.cpp.edu/philanthropy/index.shtml,491.txt
https://www.cpp.edu/philanthropy/#item-3,492.txt
https://www.cpp.edu/philanthropy/contact.shtml,493.txt
https://www.cpp.edu/news/index.shtml,494.txt
https://www.cpp.edu/news/browse-by-topic.shtml,495.txt
https://www.cpp.edu/news/all-news.shtml,496.txt
https://www.cpp.edu/news/in-the-news/2025/04/lewis-trammel-fitness-trackers/index.shtml,497.txt
https://www.cpp.edu/news/content/2025/04/charisma-determination-key-to-success-for-hospitality-graduate/index.shtml,498.txt
https://www.cpp.edu/news/in-the-news/2025/04/collins-college-global-rank-10/index.shtml,499.txt
https://www.cpp.edu/news/for-the-media.shtml,500.txt
