URL,PageRank
https://www.cpp.edu/agri/animal-science/programs/agriculture-ms-animal-science.shtml,0.012862886945081652
https://www.cpp.edu/programs/index.shtml?college=Science      #{{program['firstLetter']}},0.01157905392987159
https://www.cpp.edu/cba/graduate-business-programs/programs/master-science-business-analytics.shtml,0.010186186365125915
https://www.cpp.edu/engineering/advising/index.shtml,0.00915370897557386
https://www.cpp.edu/openhouse/index.shtml,0.008089910337310565
https://www.cpp.edu/student-affairs/topics/policies.shtml,0.0080873487048542
https://www.cpp.edu/engineering/academics/grad.shtml,0.007980088721279534
https://www.cpp.edu/env/about/mission.shtml,0.007978336017247152
https://www.cpp.edu/cba/digital-innovation/index.shtml,0.007814700426634095
https://www.cpp.edu/engineering/ime/index.shtml,0.007758474346521069
https://www.cpp.edu/cba/news/news-listing-page.shtml,0.0077296096930031385
https://www.cpp.edu/philanthropy/#item-3,0.007576305950346255
https://www.cpp.edu/news/content/2025/04/charisma-determination-key-to-success-for-hospitality-graduate/index.shtml,0.007533820986775727
https://www.cpp.edu/programs/index.shtml?college=Agriculture      #{{program['firstLetter']}},0.007521677691091768
https://www.cpp.edu/philanthropy/#item-1,0.007470771630131318
https://www.cpp.edu/engineering/activities/symposium.shtml,0.0074219915058295095
https://www.cpp.edu/philanthropy/forms.shtml,0.007268424800019431
https://www.cpp.edu/openhouse/dining.shtml,0.007267467437977678
https://www.cpp.edu/engineering/me/graduate-program/index.shtml,0.00713128942524653
https://www.cpp.edu/privacy.shtml,0.006997136285160331
https://www.cpp.edu/agri/apparel-merchandising-and-management/faculty-staff/index.shtml,0.0069053185415202155
https://www.cpp.edu/programs/index.shtml?college=Agriculture      #top,0.006899027944309225
https://www.cpp.edu/cba/our-faculty/index.shtml,0.006825838615127111
https://www.cpp.edu/student-affairs#main,0.00673330454511533
https://www.cpp.edu/news/browse-by-topic.shtml,0.006669907737812261
https://www.cpp.edu/programs/index.shtml?college=Environmental%20Design      ,0.006623936391689178
https://www.cpp.edu/alumni/chapters/regional.shtml,0.006410528300982314
https://www.cpp.edu/agri/plant-science/index.shtml,0.006310485754765368
https://www.cpp.edu/alumni/portfolium.shtml,0.00616292513653195
https://www.cpp.edu/philanthropy/contact.shtml,0.006105335122331732
https://www.cpp.edu/agri/#main,0.006087568418007039
https://www.cpp.edu/cba/student-success-center/index.shtml,0.005984632499591008
https://www.cpp.edu/commencement/index.shtml,0.005887288398850063
https://www.cpp.edu/agri/alumni/events.shtml,0.0058433756118147825
https://www.cpp.edu/engineering/cme/index.shtml,0.005682964003007004
https://www.cpp.edu/agri/nutrition-food-science/programs/food-science-and-technology-bs.shtml,0.00566949137854135
https://www.cpp.edu/agri/apparel-merchandising-and-management/index.shtml,0.005537178706698708
https://www.cpp.edu/sci/newsletter/22-million-dollar-nsf-grant-will-prepare-students-for-biotech-industry.shtml,0.005510625124376411
https://www.cpp.edu/financial-aid/index.shtml,0.0053887605343724485
https://www.cpp.edu/aboutcpp/visitor-information/attractions.shtml,0.0053697573730547175
https://www.cpp.edu/family/,0.005312947128571789
https://www.cpp.edu/engineering/index.shtml,0.005286402762358841
https://www.cpp.edu/academic-manual,0.005178101121654569
https://www.cpp.edu/alumni/outstanding-alumni/2022-recipients.shtml,0.0051101688263726205
https://www.cpp.edu/events/,0.004975945162884203
https://www.cpp.edu/stratcomm/media-relations.shtml#main,0.004889477192637542
https://www.cpp.edu/cba/news/anthonyorlando.shtml,0.004854496128814179
https://www.cpp.edu/collins/news/news-new-boa.shtml,0.0047795608385253424
https://www.cpp.edu/cpge/degree-programs/index.shtml,0.004738567979082011
https://www.cpp.edu/studentparents/research.shtml,0.004672539454233891
https://www.cpp.edu/agri/alumni/outstanding-alumni.shtml,0.004636934064171627
https://www.cpp.edu/engineering/departments/safety.shtml,0.004593809916100556
https://www.cpp.edu/student-affairs/dsa/aboutus.shtml,0.00448026685497227
https://www.cpp.edu/cba/graduate-business-programs/programs/mba.shtml,0.004435583715530642
https://www.cpp.edu/philanthropy/giving/impact.shtml,0.004374666077485704
https://www.cpp.edu/financial-aid/index.shtml#main,0.004355392224001277
https://www.facebook.com/sharer/sharer.php?u=https://www.cpp.edu/news/content/2025/04/graduate-and-fellow-broncos-set-the-stage-for-indie-musicians-to-shine/index.shtml,0.004353758259560428
https://www.cpp.edu/cpge/about-us/index.shtml,0.004337831489813512
https://www.cpp.edu/cba/accounting/index.shtml,0.004334820129636809
https://www.cpp.edu/engineering/about/welcome-from-dean.shtml,0.0042701997993622905
https://www.cpp.edu/openhouse/lodging.shtml,0.0042208623335237986
https://www.cpp.edu/em/contact-us.shtml,0.004195385946557499
https://www.cpp.edu/openhouse/agenda.shtml,0.004178650150188419
https://www.cpp.edu/agri/giving/ways-to-give.shtml,0.004169857191012608
https://www.cpp.edu/agri/student-resources/first-year-experience.shtml,0.004143379736443541
https://www.cpp.edu/engineering/sab/index.shtml,0.004139854323206483
"https://www.cpp.edu/programs/index.shtml?college=Letters,%20Arts,%20and%20Social%20Sciences      #main",0.004095038410724826
https://www.cpp.edu/engineering/activities/lecture.shtml,0.004092884935278631
https://www.cpp.edu/student-affairs/topics/support.shtml,0.004084428292613634
https://www.cpp.edu/student-affairs,0.004058310959014856
https://www.cpp.edu/alumni/events.shtml,0.004034692474745899
https://www.cpp.edu/engineering/college/branding-and-communications.shtml,0.00394258397330834
https://www.cpp.edu/engineering/ce/index.shtml,0.0039221888469344966
https://www.cpp.edu/alumni/outstanding-alumni/distinguishedalumnigala.shtml,0.003920036660180075
https://www.cpp.edu/academic-manual/am-search.shtml,0.0038991012402967
https://www.cpp.edu/agri/urban/index.shtml,0.0038467869776150974
https://www.cpp.edu/engineering/events/index.shtml,0.0038174578249204035
https://www.cpp.edu/prospective-student-gateway/,0.003769694507507247
https://www.cpp.edu/engineering/giving/hall-of-fame/index.shtml,0.0037276061256922197
https://www.cpp.edu/student-gateway/#main,0.003711974992006008
https://www.cpp.edu/em/trainings-and-demonstrations.shtml,0.003591153370230479
https://www.cpp.edu/student-gateway/,0.003583978862940274
https://www.cpp.edu/alumni/chapters/rose-float.shtml,0.0035610264821420274
https://www.cpp.edu/,0.0035543342601934073
https://www.cpp.edu/engineering/activities/industry-resources.shtml,0.0035536986529450636
https://www.cpp.edu/programs/index.shtml?college=Education%20and%20Integrative%20Studies      ,0.0035296488951416334
https://www.cpp.edu/env/urp/academic-resources/gis-lab.shtml,0.003475292811433805
https://www.cpp.edu/env/resources/isb.shtml,0.0034726874505048608
https://www.cpp.edu/cba/about/dean-krishnamurthy.shtml,0.003471236008207417
https://www.cpp.edu,0.0034496139437486402
https://www.cpp.edu/agri/index.shtml,0.0034461716899644996
https://www.cpp.edu/agri/news/2025-swiss-am-food-agri-tech.shtml,0.0034239308160361626
https://www.cpp.edu/accessibility.shtml#main,0.0034221704969804646
https://www.cpp.edu/contact.shtml#main,0.003403205300144288
https://www.cpp.edu/housing/futureresidents/apply-to-uhs.shtml,0.0033868629273461574
https://www.cpp.edu/commencement/may-17-schedule.shtml,0.0033482857439108373
https://www.cpp.edu/studentparents/registration.shtml,0.003265287883957271
https://www.cpp.edu/programs/index.shtml#top,0.0032344554530652886
https://www.cpp.edu/agri/animal-science/index.shtml,0.003212316928616623
https://www.cpp.edu/programs/index.shtml?college=The%20Collins%20College%20of%20Hospitality%20Management      #{{program['firstLetter']}},0.003209161539224202
