URL,Outlinks Count
https://www.cpp.edu,76
https://www.cpp.edu/jobs/index.shtml,3
https://www.cpp.edu/events/,1
https://www.cpp.edu/campus-life/index.shtml,1
https://www.cpp.edu/news/content/2025/02/cpp-to-champion-artificial-intelligence-education-initiatives/index.shtml,5
https://www.cpp.edu/engineering/,53
https://www.cpp.edu/programs/index.shtml?programType=Master,3
https://www.cpp.edu/programs/index.shtml?college=Business%20Administration      ,3
https://www.cpp.edu/programs/index.shtml?college=Environmental%20Design      ,3
https://www.cpp.edu/file-viewers.shtml,2
https://www.cpp.edu/programs/index.shtml?college=Science      ,3
https://www.cpp.edu/studentparents/,7
https://www.cpp.edu/em/,17
https://www.cpp.edu/news/content/2025/02/cal-poly-pomona-rises-to-r2-in-university-research-classification/index.shtml,5
https://www.cpp.edu/family/,4
https://www.cpp.edu/programs/index.shtml?programType=Bachelor,3
https://www.cpp.edu/academic-manual,16
https://www.cpp.edu/giving/index.shtml,2
https://www.cpp.edu/privacy.shtml,2
https://www.cpp.edu/ceis/,44
https://www.cpp.edu/library/index.shtml,1
https://www.cpp.edu/sci/,42
https://www.cpp.edu/ssep/uss-home.shtml,2
https://www.cpp.edu/news/,17
https://www.cpp.edu/equal-opportunity.shtml,1
https://www.cpp.edu/programs/index.shtml,3
https://www.cpp.edu/prospective-student-gateway/,2
https://www.cpp.edu/programs/index.shtml?college=The%20Collins%20College%20of%20Hospitality%20Management      ,3
https://www.cpp.edu/housing/futureresidents/apply-to-uhs.shtml,2
https://www.cpp.edu/openhouse/,9
https://www.cpp.edu/financial-aid/index.shtml,2
https://www.cpp.edu/faculty-staff-gateway/,2
https://www.cpp.edu/student-affairs,23
https://www.cpp.edu/news/content/2025/02/cpp-launches-micro-internship-program-based-on-a-1.7-million-grant/index.shtml,5
https://www.cpp.edu/alpha-index/index.shtml,2
https://www.cpp.edu/student-gateway/,2
https://www.cpp.edu/news/content/2025/02/professor-and-former-arizona-state-lawmaker-named-new-ag-dean/index.shtml,5
https://www.cpp.edu/programs/index.shtml?college=Engineering      ,3
https://www.cpp.edu/class/,32
https://www.cpp.edu/outreach/tours.shtml,3
https://www.cpp.edu/agri/,63
https://www.cpp.edu/aboutcpp/visitor-information/attractions.shtml,1
https://www.cpp.edu/alumni/,38
https://www.cpp.edu/apply/,2
https://www.cpp.edu/cba/graduate-business-programs/,18
https://www.cpp.edu/academics/,2
https://www.cpp.edu/collins/,37
https://www.cpp.edu/stratcomm/media-relations.shtml,2
https://www.cpp.edu/annual-security-report.shtml,0
https://www.cpp.edu/accessibility.shtml,2
